UF,Ano/Semana,Casos prováveis de Dengue
Distrito Federal,2024/01 ,"8236"
Goias,2024/01 ,"3525"
Mato Grosso,2024/01 ,"554"
Mato Grosso Do Sul,2024/01 ,"200"
Alagoas,2024/01 ,"65"
Bahia,2024/01 ,"657"
Ceara,2024/01 ,"66"
Maranhao,2024/01 ,"63"
Paraiba,2024/01 ,"54"
Pernambuco,2024/01 ,"78"
Piaui,2024/01 ,"88"
Rio Grande Do Norte,2024/01 ,"118"
Sergipe,2024/01 ,"19"
Acre,2024/01 ,"662"
Amapa,2024/01 ,"140"
Amazonas,2024/01 ,"510"
Para,2024/01 ,"187"
Rondonia,2024/01 ,"89"
Roraima,2024/01 ,"3"
Tocantins,2024/01 ,"33"
Espirito Santo,2024/01 ,"1146"
Minas Gerais,2024/01 ,"16976"
Rio De Janeiro,2024/01 ,"4233"
Sao Paulo,2024/01 ,"7209"
Parana,2024/01 ,"5446"
Rio Grande Do Sul,2024/01 ,"349"
Santa Catarina,2024/01 ,531
Distrito Federal,2024/02 ,"8236"
Goias,2024/02 ,"3525"
Mato Grosso,2024/02 ,"554"
Mato Grosso Do Sul,2024/02 ,"200"
Alagoas,2024/02 ,"65"
Bahia,2024/02 ,"657"
Ceara,2024/02 ,"66"
Maranhao,2024/02 ,"63"
Paraiba,2024/02 ,"54"
Pernambuco,2024/02 ,"78"
Piaui,2024/02 ,"88"
Rio Grande Do Norte,2024/02 ,"118"
Sergipe,2024/02 ,"19"
Acre,2024/02 ,"662"
Amapa,2024/02 ,"140"
Amazonas,2024/02 ,"510"
Para,2024/02 ,"187"
Rondonia,2024/02 ,"89"
Roraima,2024/02 ,"3"
Tocantins,2024/02 ,"33"
Espirito Santo,2024/02 ,"1146"
Minas Gerais,2024/02 ,"16976"
Rio De Janeiro,2024/02 ,"4233"
Sao Paulo,2024/02 ,"7209"
Parana,2024/02 ,"5446"
Rio Grande Do Sul,2024/02 ,"349"
Santa Catarina,2024/02 ,531
Distrito Federal,2024/03 ,"8236"
Goias,2024/03 ,"3525"
Mato Grosso,2024/03 ,"554"
Mato Grosso Do Sul,2024/03 ,"200"
Alagoas,2024/03 ,"65"
Bahia,2024/03 ,"657"
Ceara,2024/03 ,"66"
Maranhao,2024/03 ,"63"
Paraiba,2024/03 ,"54"
Pernambuco,2024/03 ,"78"
Piaui,2024/03 ,"88"
Rio Grande Do Norte,2024/03 ,"118"
Sergipe,2024/03 ,"19"
Acre,2024/03 ,"662"
Amapa,2024/03 ,"140"
Amazonas,2024/03 ,"510"
Para,2024/03 ,"187"
Rondonia,2024/03 ,"89"
Roraima,2024/03 ,"3"
Tocantins,2024/03 ,"33"
Espirito Santo,2024/03 ,"1146"
Minas Gerais,2024/03 ,"16976"
Rio De Janeiro,2024/03 ,"4233"
Sao Paulo,2024/03 ,"7209"
Parana,2024/03 ,"5446"
Rio Grande Do Sul,2024/03 ,"349"
Santa Catarina,2024/03 ,531
Distrito Federal,2024/04 ,"8236"
Goias,2024/04 ,"3525"
Mato Grosso,2024/04 ,"554"
Mato Grosso Do Sul,2024/04 ,"200"
Alagoas,2024/04 ,"65"
Bahia,2024/04 ,"657"
Ceara,2024/04 ,"66"
Maranhao,2024/04 ,"63"
Paraiba,2024/04 ,"54"
Pernambuco,2024/04 ,"78"
Piaui,2024/04 ,"88"
Rio Grande Do Norte,2024/04 ,"118"
Sergipe,2024/04 ,"19"
Acre,2024/04 ,"662"
Amapa,2024/04 ,"140"
Amazonas,2024/04 ,"510"
Para,2024/04 ,"187"
Rondonia,2024/04 ,"89"
Roraima,2024/04 ,"3"
Tocantins,2024/04 ,"33"
Espirito Santo,2024/04 ,"1146"
Minas Gerais,2024/04 ,"16976"
Rio De Janeiro,2024/04 ,"4233"
Sao Paulo,2024/04 ,"7209"
Parana,2024/04 ,"5446"
Rio Grande Do Sul,2024/04 ,"349"
Santa Catarina,2024/04 ,531
Distrito Federal,2024/05 ,"8236"
Goias,2024/05 ,"3525"
Mato Grosso,2024/05 ,"554"
Mato Grosso Do Sul,2024/05 ,"200"
Alagoas,2024/05 ,"65"
Bahia,2024/05 ,"657"
Ceara,2024/05 ,"66"
Maranhao,2024/05 ,"63"
Paraiba,2024/05 ,"54"
Pernambuco,2024/05 ,"78"
Piaui,2024/05 ,"88"
Rio Grande Do Norte,2024/05 ,"118"
Sergipe,2024/05 ,"19"
Acre,2024/05 ,"662"
Amapa,2024/05 ,"140"
Amazonas,2024/05 ,"510"
Para,2024/05 ,"187"
Rondonia,2024/05 ,"89"
Roraima,2024/05 ,"3"
Tocantins,2024/05 ,"33"
Espirito Santo,2024/05 ,"1146"
Minas Gerais,2024/05 ,"16976"
Rio De Janeiro,2024/05 ,"4233"
Sao Paulo,2024/05 ,"7209"
Parana,2024/05 ,"5446"
Rio Grande Do Sul,2024/05 ,"349"
Santa Catarina,2024/05 ,531
Distrito Federal,2024/06 ,"8236"
Goias,2024/06 ,"3525"
Mato Grosso,2024/06 ,"554"
Mato Grosso Do Sul,2024/06 ,"200"
Alagoas,2024/06 ,"65"
Bahia,2024/06 ,"657"
Ceara,2024/06 ,"66"
Maranhao,2024/06 ,"63"
Paraiba,2024/06 ,"54"
Pernambuco,2024/06 ,"78"
Piaui,2024/06 ,"88"
Rio Grande Do Norte,2024/06 ,"118"
Sergipe,2024/06 ,"19"
Acre,2024/06 ,"662"
Amapa,2024/06 ,"140"
Amazonas,2024/06 ,"510"
Para,2024/06 ,"187"
Rondonia,2024/06 ,"89"
Roraima,2024/06 ,"3"
Tocantins,2024/06 ,"33"
Espirito Santo,2024/06 ,"1146"
Minas Gerais,2024/06 ,"16976"
Rio De Janeiro,2024/06 ,"4233"
Sao Paulo,2024/06 ,"7209"
Parana,2024/06 ,"5446"
Rio Grande Do Sul,2024/06 ,"349"
Santa Catarina,2024/06 ,531
Distrito Federal,2024/07 ,"8236"
Goias,2024/07 ,"3525"
Mato Grosso,2024/07 ,"554"
Mato Grosso Do Sul,2024/07 ,"200"
Alagoas,2024/07 ,"65"
Bahia,2024/07 ,"657"
Ceara,2024/07 ,"66"
Maranhao,2024/07 ,"63"
Paraiba,2024/07 ,"54"
Pernambuco,2024/07 ,"78"
Piaui,2024/07 ,"88"
Rio Grande Do Norte,2024/07 ,"118"
Sergipe,2024/07 ,"19"
Acre,2024/07 ,"662"
Amapa,2024/07 ,"140"
Amazonas,2024/07 ,"510"
Para,2024/07 ,"187"
Rondonia,2024/07 ,"89"
Roraima,2024/07 ,"3"
Tocantins,2024/07 ,"33"
Espirito Santo,2024/07 ,"1146"
Minas Gerais,2024/07 ,"16976"
Rio De Janeiro,2024/07 ,"4233"
Sao Paulo,2024/07 ,"7209"
Parana,2024/07 ,"5446"
Rio Grande Do Sul,2024/07 ,"349"
Santa Catarina,2024/07 ,531
Distrito Federal,2024/08 ,"8236"
Goias,2024/08 ,"3525"
Mato Grosso,2024/08 ,"554"
Mato Grosso Do Sul,2024/08 ,"200"
Alagoas,2024/08 ,"65"
Bahia,2024/08 ,"657"
Ceara,2024/08 ,"66"
Maranhao,2024/08 ,"63"
Paraiba,2024/08 ,"54"
Pernambuco,2024/08 ,"78"
Piaui,2024/08 ,"88"
Rio Grande Do Norte,2024/08 ,"118"
Sergipe,2024/08 ,"19"
Acre,2024/08 ,"662"
Amapa,2024/08 ,"140"
Amazonas,2024/08 ,"510"
Para,2024/08 ,"187"
Rondonia,2024/08 ,"89"
Roraima,2024/08 ,"3"
Tocantins,2024/08 ,"33"
Espirito Santo,2024/08 ,"1146"
Minas Gerais,2024/08 ,"16976"
Rio De Janeiro,2024/08 ,"4233"
Sao Paulo,2024/08 ,"7209"
Parana,2024/08 ,"5446"
Rio Grande Do Sul,2024/08 ,"349"
Santa Catarina,2024/08 ,531
Distrito Federal,2024/09 ,"8236"
Goias,2024/09 ,"3525"
Mato Grosso,2024/09 ,"554"
Mato Grosso Do Sul,2024/09 ,"200"
Alagoas,2024/09 ,"65"
Bahia,2024/09 ,"657"
Ceara,2024/09 ,"66"
Maranhao,2024/09 ,"63"
Paraiba,2024/09 ,"54"
Pernambuco,2024/09 ,"78"
Piaui,2024/09 ,"88"
Rio Grande Do Norte,2024/09 ,"118"
Sergipe,2024/09 ,"19"
Acre,2024/09 ,"662"
Amapa,2024/09 ,"140"
Amazonas,2024/09 ,"510"
Para,2024/09 ,"187"
Rondonia,2024/09 ,"89"
Roraima,2024/09 ,"3"
Tocantins,2024/09 ,"33"
Espirito Santo,2024/09 ,"1146"
Minas Gerais,2024/09 ,"16976"
Rio De Janeiro,2024/09 ,"4233"
Sao Paulo,2024/09 ,"7209"
Parana,2024/09 ,"5446"
Rio Grande Do Sul,2024/09 ,"349"
Santa Catarina,2024/09 ,531
Distrito Federal,2024/10 ,"8236"
Goias,2024/10 ,"3525"
Mato Grosso,2024/10 ,"554"
Mato Grosso Do Sul,2024/10 ,"200"
Alagoas,2024/10 ,"65"
Bahia,2024/10 ,"657"
Ceara,2024/10 ,"66"
Maranhao,2024/10 ,"63"
Paraiba,2024/10 ,"54"
Pernambuco,2024/10 ,"78"
Piaui,2024/10 ,"88"
Rio Grande Do Norte,2024/10 ,"118"
Sergipe,2024/10 ,"19"
Acre,2024/10 ,"662"
Amapa,2024/10 ,"140"
Amazonas,2024/10 ,"510"
Para,2024/10 ,"187"
Rondonia,2024/10 ,"89"
Roraima,2024/10 ,"3"
Tocantins,2024/10 ,"33"
Espirito Santo,2024/10 ,"1146"
Minas Gerais,2024/10 ,"16976"
Rio De Janeiro,2024/10 ,"4233"
Sao Paulo,2024/10 ,"7209"
Parana,2024/10 ,"5446"
Rio Grande Do Sul,2024/10 ,"349"
Santa Catarina,2024/10 ,531
Distrito Federal,2024/11 ,"8236"
Goias,2024/11 ,"3525"
Mato Grosso,2024/11 ,"554"
Mato Grosso Do Sul,2024/11 ,"200"
Alagoas,2024/11 ,"65"
Bahia,2024/11 ,"657"
Ceara,2024/11 ,"66"
Maranhao,2024/11 ,"63"
Paraiba,2024/11 ,"54"
Pernambuco,2024/11 ,"78"
Piaui,2024/11 ,"88"
Rio Grande Do Norte,2024/11 ,"118"
Sergipe,2024/11 ,"19"
Acre,2024/11 ,"662"
Amapa,2024/11 ,"140"
Amazonas,2024/11 ,"510"
Para,2024/11 ,"187"
Rondonia,2024/11 ,"89"
Roraima,2024/11 ,"3"
Tocantins,2024/11 ,"33"
Espirito Santo,2024/11 ,"1146"
Minas Gerais,2024/11 ,"16976"
Rio De Janeiro,2024/11 ,"4233"
Sao Paulo,2024/11 ,"7209"
Parana,2024/11 ,"5446"
Rio Grande Do Sul,2024/11 ,"349"
Santa Catarina,2024/11 ,531
Distrito Federal,2024/12 ,"8236"
Goias,2024/12 ,"3525"
Mato Grosso,2024/12 ,"554"
Mato Grosso Do Sul,2024/12 ,"200"
Alagoas,2024/12 ,"65"
Bahia,2024/12 ,"657"
Ceara,2024/12 ,"66"
Maranhao,2024/12 ,"63"
Paraiba,2024/12 ,"54"
Pernambuco,2024/12 ,"78"
Piaui,2024/12 ,"88"
Rio Grande Do Norte,2024/12 ,"118"
Sergipe,2024/12 ,"19"
Acre,2024/12 ,"662"
Amapa,2024/12 ,"140"
Amazonas,2024/12 ,"510"
Para,2024/12 ,"187"
Rondonia,2024/12 ,"89"
Roraima,2024/12 ,"3"
Tocantins,2024/12 ,"33"
Espirito Santo,2024/12 ,"1146"
Minas Gerais,2024/12 ,"16976"
Rio De Janeiro,2024/12 ,"4233"
Sao Paulo,2024/12 ,"7209"
Parana,2024/12 ,"5446"
Rio Grande Do Sul,2024/12 ,"349"
Santa Catarina,2024/12 ,531
Distrito Federal,2024/13 ,"8236"
Goias,2024/13 ,"3525"
Mato Grosso,2024/13 ,"554"
Mato Grosso Do Sul,2024/13 ,"200"
Alagoas,2024/13 ,"65"
Bahia,2024/13 ,"657"
Ceara,2024/13 ,"66"
Maranhao,2024/13 ,"63"
Paraiba,2024/13 ,"54"
Pernambuco,2024/13 ,"78"
Piaui,2024/13 ,"88"
Rio Grande Do Norte,2024/13 ,"118"
Sergipe,2024/13 ,"19"
Acre,2024/13 ,"662"
Amapa,2024/13 ,"140"
Amazonas,2024/13 ,"510"
Para,2024/13 ,"187"
Rondonia,2024/13 ,"89"
Roraima,2024/13 ,"3"
Tocantins,2024/13 ,"33"
Espirito Santo,2024/13 ,"1146"
Minas Gerais,2024/13 ,"16976"
Rio De Janeiro,2024/13 ,"4233"
Sao Paulo,2024/13 ,"7209"
Parana,2024/13 ,"5446"
Rio Grande Do Sul,2024/13 ,"349"
Santa Catarina,2024/13 ,531
Distrito Federal,2024/14 ,"8236"
Goias,2024/14 ,"3525"
Mato Grosso,2024/14 ,"554"
Mato Grosso Do Sul,2024/14 ,"200"
Alagoas,2024/14 ,"65"
Bahia,2024/14 ,"657"
Ceara,2024/14 ,"66"
Maranhao,2024/14 ,"63"
Paraiba,2024/14 ,"54"
Pernambuco,2024/14 ,"78"
Piaui,2024/14 ,"88"
Rio Grande Do Norte,2024/14 ,"118"
Sergipe,2024/14 ,"19"
Acre,2024/14 ,"662"
Amapa,2024/14 ,"140"
Amazonas,2024/14 ,"510"
Para,2024/14 ,"187"
Rondonia,2024/14 ,"89"
Roraima,2024/14 ,"3"
Tocantins,2024/14 ,"33"
Espirito Santo,2024/14 ,"1146"
Minas Gerais,2024/14 ,"16976"
Rio De Janeiro,2024/14 ,"4233"
Sao Paulo,2024/14 ,"7209"
Parana,2024/14 ,"5446"
Rio Grande Do Sul,2024/14 ,"349"
Santa Catarina,2024/14 ,531
Distrito Federal,2024/15 ,"8236"
Goias,2024/15 ,"3525"
Mato Grosso,2024/15 ,"554"
Mato Grosso Do Sul,2024/15 ,"200"
Alagoas,2024/15 ,"65"
Bahia,2024/15 ,"657"
Ceara,2024/15 ,"66"
Maranhao,2024/15 ,"63"
Paraiba,2024/15 ,"54"
Pernambuco,2024/15 ,"78"
Piaui,2024/15 ,"88"
Rio Grande Do Norte,2024/15 ,"118"
Sergipe,2024/15 ,"19"
Acre,2024/15 ,"662"
Amapa,2024/15 ,"140"
Amazonas,2024/15 ,"510"
Para,2024/15 ,"187"
Rondonia,2024/15 ,"89"
Roraima,2024/15 ,"3"
Tocantins,2024/15 ,"33"
Espirito Santo,2024/15 ,"1146"
Minas Gerais,2024/15 ,"16976"
Rio De Janeiro,2024/15 ,"4233"
Sao Paulo,2024/15 ,"7209"
Parana,2024/15 ,"5446"
Rio Grande Do Sul,2024/15 ,"349"
Santa Catarina,2024/15 ,531
Distrito Federal,2024/16 ,"8236"
Goias,2024/16 ,"3525"
Mato Grosso,2024/16 ,"554"
Mato Grosso Do Sul,2024/16 ,"200"
Alagoas,2024/16 ,"65"
Bahia,2024/16 ,"657"
Ceara,2024/16 ,"66"
Maranhao,2024/16 ,"63"
Paraiba,2024/16 ,"54"
Pernambuco,2024/16 ,"78"
Piaui,2024/16 ,"88"
Rio Grande Do Norte,2024/16 ,"118"
Sergipe,2024/16 ,"19"
Acre,2024/16 ,"662"
Amapa,2024/16 ,"140"
Amazonas,2024/16 ,"510"
Para,2024/16 ,"187"
Rondonia,2024/16 ,"89"
Roraima,2024/16 ,"3"
Tocantins,2024/16 ,"33"
Espirito Santo,2024/16 ,"1146"
Minas Gerais,2024/16 ,"16976"
Rio De Janeiro,2024/16 ,"4233"
Sao Paulo,2024/16 ,"7209"
Parana,2024/16 ,"5446"
Rio Grande Do Sul,2024/16 ,"349"
Santa Catarina,2024/16 ,531
Distrito Federal,2024/17 ,"8236"
Goias,2024/17 ,"3525"
Mato Grosso,2024/17 ,"554"
Mato Grosso Do Sul,2024/17 ,"200"
Alagoas,2024/17 ,"65"
Bahia,2024/17 ,"657"
Ceara,2024/17 ,"66"
Maranhao,2024/17 ,"63"
Paraiba,2024/17 ,"54"
Pernambuco,2024/17 ,"78"
Piaui,2024/17 ,"88"
Rio Grande Do Norte,2024/17 ,"118"
Sergipe,2024/17 ,"19"
Acre,2024/17 ,"662"
Amapa,2024/17 ,"140"
Amazonas,2024/17 ,"510"
Para,2024/17 ,"187"
Rondonia,2024/17 ,"89"
Roraima,2024/17 ,"3"
Tocantins,2024/17 ,"33"
Espirito Santo,2024/17 ,"1146"
Minas Gerais,2024/17 ,"16976"
Rio De Janeiro,2024/17 ,"4233"
Sao Paulo,2024/17 ,"7209"
Parana,2024/17 ,"5446"
Rio Grande Do Sul,2024/17 ,"349"
Santa Catarina,2024/17 ,531
Distrito Federal,2024/18 ,"8236"
Goias,2024/18 ,"3525"
Mato Grosso,2024/18 ,"554"
Mato Grosso Do Sul,2024/18 ,"200"
Alagoas,2024/18 ,"65"
Bahia,2024/18 ,"657"
Ceara,2024/18 ,"66"
Maranhao,2024/18 ,"63"
Paraiba,2024/18 ,"54"
Pernambuco,2024/18 ,"78"
Piaui,2024/18 ,"88"
Rio Grande Do Norte,2024/18 ,"118"
Sergipe,2024/18 ,"19"
Acre,2024/18 ,"662"
Amapa,2024/18 ,"140"
Amazonas,2024/18 ,"510"
Para,2024/18 ,"187"
Rondonia,2024/18 ,"89"
Roraima,2024/18 ,"3"
Tocantins,2024/18 ,"33"
Espirito Santo,2024/18 ,"1146"
Minas Gerais,2024/18 ,"16976"
Rio De Janeiro,2024/18 ,"4233"
Sao Paulo,2024/18 ,"7209"
Parana,2024/18 ,"5446"
Rio Grande Do Sul,2024/18 ,"349"
Santa Catarina,2024/18 ,531
Distrito Federal,2024/19 ,"8236"
Goias,2024/19 ,"3525"
Mato Grosso,2024/19 ,"554"
Mato Grosso Do Sul,2024/19 ,"200"
Alagoas,2024/19 ,"65"
Bahia,2024/19 ,"657"
Ceara,2024/19 ,"66"
Maranhao,2024/19 ,"63"
Paraiba,2024/19 ,"54"
Pernambuco,2024/19 ,"78"
Piaui,2024/19 ,"88"
Rio Grande Do Norte,2024/19 ,"118"
Sergipe,2024/19 ,"19"
Acre,2024/19 ,"662"
Amapa,2024/19 ,"140"
Amazonas,2024/19 ,"510"
Para,2024/19 ,"187"
Rondonia,2024/19 ,"89"
Roraima,2024/19 ,"3"
Tocantins,2024/19 ,"33"
Espirito Santo,2024/19 ,"1146"
Minas Gerais,2024/19 ,"16976"
Rio De Janeiro,2024/19 ,"4233"
Sao Paulo,2024/19 ,"7209"
Parana,2024/19 ,"5446"
Rio Grande Do Sul,2024/19 ,"349"
Santa Catarina,2024/19 ,531
Distrito Federal,2024/20 ,"8236"
Goias,2024/20 ,"3525"
Mato Grosso,2024/20 ,"554"
Mato Grosso Do Sul,2024/20 ,"200"
Alagoas,2024/20 ,"65"
Bahia,2024/20 ,"657"
Ceara,2024/20 ,"66"
Maranhao,2024/20 ,"63"
Paraiba,2024/20 ,"54"
Pernambuco,2024/20 ,"78"
Piaui,2024/20 ,"88"
Rio Grande Do Norte,2024/20 ,"118"
Sergipe,2024/20 ,"19"
Acre,2024/20 ,"662"
Amapa,2024/20 ,"140"
Amazonas,2024/20 ,"510"
Para,2024/20 ,"187"
Rondonia,2024/20 ,"89"
Roraima,2024/20 ,"3"
Tocantins,2024/20 ,"33"
Espirito Santo,2024/20 ,"1146"
Minas Gerais,2024/20 ,"16976"
Rio De Janeiro,2024/20 ,"4233"
Sao Paulo,2024/20 ,"7209"
Parana,2024/20 ,"5446"
Rio Grande Do Sul,2024/20 ,"349"
Santa Catarina,2024/20 ,531
Distrito Federal,2024/21 ,"8236"
Goias,2024/21 ,"3525"
Mato Grosso,2024/21 ,"554"
Mato Grosso Do Sul,2024/21 ,"200"
Alagoas,2024/21 ,"65"
Bahia,2024/21 ,"657"
Ceara,2024/21 ,"66"
Maranhao,2024/21 ,"63"
Paraiba,2024/21 ,"54"
Pernambuco,2024/21 ,"78"
Piaui,2024/21 ,"88"
Rio Grande Do Norte,2024/21 ,"118"
Sergipe,2024/21 ,"19"
Acre,2024/21 ,"662"
Amapa,2024/21 ,"140"
Amazonas,2024/21 ,"510"
Para,2024/21 ,"187"
Rondonia,2024/21 ,"89"
Roraima,2024/21 ,"3"
Tocantins,2024/21 ,"33"
Espirito Santo,2024/21 ,"1146"
Minas Gerais,2024/21 ,"16976"
Rio De Janeiro,2024/21 ,"4233"
Sao Paulo,2024/21 ,"7209"
Parana,2024/21 ,"5446"
Rio Grande Do Sul,2024/21 ,"349"
Santa Catarina,2024/21 ,531
Distrito Federal,2024/22 ,"8236"
Goias,2024/22 ,"3525"
Mato Grosso,2024/22 ,"554"
Mato Grosso Do Sul,2024/22 ,"200"
Alagoas,2024/22 ,"65"
Bahia,2024/22 ,"657"
Ceara,2024/22 ,"66"
Maranhao,2024/22 ,"63"
Paraiba,2024/22 ,"54"
Pernambuco,2024/22 ,"78"
Piaui,2024/22 ,"88"
Rio Grande Do Norte,2024/22 ,"118"
Sergipe,2024/22 ,"19"
Acre,2024/22 ,"662"
Amapa,2024/22 ,"140"
Amazonas,2024/22 ,"510"
Para,2024/22 ,"187"
Rondonia,2024/22 ,"89"
Roraima,2024/22 ,"3"
Tocantins,2024/22 ,"33"
Espirito Santo,2024/22 ,"1146"
Minas Gerais,2024/22 ,"16976"
Rio De Janeiro,2024/22 ,"4233"
Sao Paulo,2024/22 ,"7209"
Parana,2024/22 ,"5446"
Rio Grande Do Sul,2024/22 ,"349"
Santa Catarina,2024/22 ,531
Distrito Federal,2024/23 ,"8236"
Goias,2024/23 ,"3525"
Mato Grosso,2024/23 ,"554"
Mato Grosso Do Sul,2024/23 ,"200"
Alagoas,2024/23 ,"65"
Bahia,2024/23 ,"657"
Ceara,2024/23 ,"66"
Maranhao,2024/23 ,"63"
Paraiba,2024/23 ,"54"
Pernambuco,2024/23 ,"78"
Piaui,2024/23 ,"88"
Rio Grande Do Norte,2024/23 ,"118"
Sergipe,2024/23 ,"19"
Acre,2024/23 ,"662"
Amapa,2024/23 ,"140"
Amazonas,2024/23 ,"510"
Para,2024/23 ,"187"
Rondonia,2024/23 ,"89"
Roraima,2024/23 ,"3"
Tocantins,2024/23 ,"33"
Espirito Santo,2024/23 ,"1146"
Minas Gerais,2024/23 ,"16976"
Rio De Janeiro,2024/23 ,"4233"
Sao Paulo,2024/23 ,"7209"
Parana,2024/23 ,"5446"
Rio Grande Do Sul,2024/23 ,"349"
Santa Catarina,2024/23 ,531
Distrito Federal,2024/24 ,"8236"
Goias,2024/24 ,"3525"
Mato Grosso,2024/24 ,"554"
Mato Grosso Do Sul,2024/24 ,"200"
Alagoas,2024/24 ,"65"
Bahia,2024/24 ,"657"
Ceara,2024/24 ,"66"
Maranhao,2024/24 ,"63"
Paraiba,2024/24 ,"54"
Pernambuco,2024/24 ,"78"
Piaui,2024/24 ,"88"
Rio Grande Do Norte,2024/24 ,"118"
Sergipe,2024/24 ,"19"
Acre,2024/24 ,"662"
Amapa,2024/24 ,"140"
Amazonas,2024/24 ,"510"
Para,2024/24 ,"187"
Rondonia,2024/24 ,"89"
Roraima,2024/24 ,"3"
Tocantins,2024/24 ,"33"
Espirito Santo,2024/24 ,"1146"
Minas Gerais,2024/24 ,"16976"
Rio De Janeiro,2024/24 ,"4233"
Sao Paulo,2024/24 ,"7209"
Parana,2024/24 ,"5446"
Rio Grande Do Sul,2024/24 ,"349"
Santa Catarina,2024/24 ,531
Distrito Federal,2024/25 ,"8236"
Goias,2024/25 ,"3525"
Mato Grosso,2024/25 ,"554"
Mato Grosso Do Sul,2024/25 ,"200"
Alagoas,2024/25 ,"65"
Bahia,2024/25 ,"657"
Ceara,2024/25 ,"66"
Maranhao,2024/25 ,"63"
Paraiba,2024/25 ,"54"
Pernambuco,2024/25 ,"78"
Piaui,2024/25 ,"88"
Rio Grande Do Norte,2024/25 ,"118"
Sergipe,2024/25 ,"19"
Acre,2024/25 ,"662"
Amapa,2024/25 ,"140"
Amazonas,2024/25 ,"510"
Para,2024/25 ,"187"
Rondonia,2024/25 ,"89"
Roraima,2024/25 ,"3"
Tocantins,2024/25 ,"33"
Espirito Santo,2024/25 ,"1146"
Minas Gerais,2024/25 ,"16976"
Rio De Janeiro,2024/25 ,"4233"
Sao Paulo,2024/25 ,"7209"
Parana,2024/25 ,"5446"
Rio Grande Do Sul,2024/25 ,"349"
Santa Catarina,2024/25 ,531
Distrito Federal,2024/26 ,"8236"
Goias,2024/26 ,"3525"
Mato Grosso,2024/26 ,"554"
Mato Grosso Do Sul,2024/26 ,"200"
Alagoas,2024/26 ,"65"
Bahia,2024/26 ,"657"
Ceara,2024/26 ,"66"
Maranhao,2024/26 ,"63"
Paraiba,2024/26 ,"54"
Pernambuco,2024/26 ,"78"
Piaui,2024/26 ,"88"
Rio Grande Do Norte,2024/26 ,"118"
Sergipe,2024/26 ,"19"
Acre,2024/26 ,"662"
Amapa,2024/26 ,"140"
Amazonas,2024/26 ,"510"
Para,2024/26 ,"187"
Rondonia,2024/26 ,"89"
Roraima,2024/26 ,"3"
Tocantins,2024/26 ,"33"
Espirito Santo,2024/26 ,"1146"
Minas Gerais,2024/26 ,"16976"
Rio De Janeiro,2024/26 ,"4233"
Sao Paulo,2024/26 ,"7209"
Parana,2024/26 ,"5446"
Rio Grande Do Sul,2024/26 ,"349"
Santa Catarina,2024/26 ,531
Distrito Federal,2024/27 ,"8236"
Goias,2024/27 ,"3525"
Mato Grosso,2024/27 ,"554"
Mato Grosso Do Sul,2024/27 ,"200"
Alagoas,2024/27 ,"65"
Bahia,2024/27 ,"657"
Ceara,2024/27 ,"66"
Maranhao,2024/27 ,"63"
Paraiba,2024/27 ,"54"
Pernambuco,2024/27 ,"78"
Piaui,2024/27 ,"88"
Rio Grande Do Norte,2024/27 ,"118"
Sergipe,2024/27 ,"19"
Acre,2024/27 ,"662"
Amapa,2024/27 ,"140"
Amazonas,2024/27 ,"510"
Para,2024/27 ,"187"
Rondonia,2024/27 ,"89"
Roraima,2024/27 ,"3"
Tocantins,2024/27 ,"33"
Espirito Santo,2024/27 ,"1146"
Minas Gerais,2024/27 ,"16976"
Rio De Janeiro,2024/27 ,"4233"
Sao Paulo,2024/27 ,"7209"
Parana,2024/27 ,"5446"
Rio Grande Do Sul,2024/27 ,"349"
Santa Catarina,2024/27 ,531
Distrito Federal,2024/28 ,"8236"
Goias,2024/28 ,"3525"
Mato Grosso,2024/28 ,"554"
Mato Grosso Do Sul,2024/28 ,"200"
Alagoas,2024/28 ,"65"
Bahia,2024/28 ,"657"
Ceara,2024/28 ,"66"
Maranhao,2024/28 ,"63"
Paraiba,2024/28 ,"54"
Pernambuco,2024/28 ,"78"
Piaui,2024/28 ,"88"
Rio Grande Do Norte,2024/28 ,"118"
Sergipe,2024/28 ,"19"
Acre,2024/28 ,"662"
Amapa,2024/28 ,"140"
Amazonas,2024/28 ,"510"
Para,2024/28 ,"187"
Rondonia,2024/28 ,"89"
Roraima,2024/28 ,"3"
Tocantins,2024/28 ,"33"
Espirito Santo,2024/28 ,"1146"
Minas Gerais,2024/28 ,"16976"
Rio De Janeiro,2024/28 ,"4233"
Sao Paulo,2024/28 ,"7209"
Parana,2024/28 ,"5446"
Rio Grande Do Sul,2024/28 ,"349"
Santa Catarina,2024/28 ,531
Distrito Federal,2024/29 ,"8236"
Goias,2024/29 ,"3525"
Mato Grosso,2024/29 ,"554"
Mato Grosso Do Sul,2024/29 ,"200"
Alagoas,2024/29 ,"65"
Bahia,2024/29 ,"657"
Ceara,2024/29 ,"66"
Maranhao,2024/29 ,"63"
Paraiba,2024/29 ,"54"
Pernambuco,2024/29 ,"78"
Piaui,2024/29 ,"88"
Rio Grande Do Norte,2024/29 ,"118"
Sergipe,2024/29 ,"19"
Acre,2024/29 ,"662"
Amapa,2024/29 ,"140"
Amazonas,2024/29 ,"510"
Para,2024/29 ,"187"
Rondonia,2024/29 ,"89"
Roraima,2024/29 ,"3"
Tocantins,2024/29 ,"33"
Espirito Santo,2024/29 ,"1146"
Minas Gerais,2024/29 ,"16976"
Rio De Janeiro,2024/29 ,"4233"
Sao Paulo,2024/29 ,"7209"
Parana,2024/29 ,"5446"
Rio Grande Do Sul,2024/29 ,"349"
Santa Catarina,2024/29 ,531
Distrito Federal,2024/30 ,"8236"
Goias,2024/30 ,"3525"
Mato Grosso,2024/30 ,"554"
Mato Grosso Do Sul,2024/30 ,"200"
Alagoas,2024/30 ,"65"
Bahia,2024/30 ,"657"
Ceara,2024/30 ,"66"
Maranhao,2024/30 ,"63"
Paraiba,2024/30 ,"54"
Pernambuco,2024/30 ,"78"
Piaui,2024/30 ,"88"
Rio Grande Do Norte,2024/30 ,"118"
Sergipe,2024/30 ,"19"
Acre,2024/30 ,"662"
Amapa,2024/30 ,"140"
Amazonas,2024/30 ,"510"
Para,2024/30 ,"187"
Rondonia,2024/30 ,"89"
Roraima,2024/30 ,"3"
Tocantins,2024/30 ,"33"
Espirito Santo,2024/30 ,"1146"
Minas Gerais,2024/30 ,"16976"
Rio De Janeiro,2024/30 ,"4233"
Sao Paulo,2024/30 ,"7209"
Parana,2024/30 ,"5446"
Rio Grande Do Sul,2024/30 ,"349"
Santa Catarina,2024/30 ,531
Distrito Federal,2024/31 ,"8236"
Goias,2024/31 ,"3525"
Mato Grosso,2024/31 ,"554"
Mato Grosso Do Sul,2024/31 ,"200"
Alagoas,2024/31 ,"65"
Bahia,2024/31 ,"657"
Ceara,2024/31 ,"66"
Maranhao,2024/31 ,"63"
Paraiba,2024/31 ,"54"
Pernambuco,2024/31 ,"78"
Piaui,2024/31 ,"88"
Rio Grande Do Norte,2024/31 ,"118"
Sergipe,2024/31 ,"19"
Acre,2024/31 ,"662"
Amapa,2024/31 ,"140"
Amazonas,2024/31 ,"510"
Para,2024/31 ,"187"
Rondonia,2024/31 ,"89"
Roraima,2024/31 ,"3"
Tocantins,2024/31 ,"33"
Espirito Santo,2024/31 ,"1146"
Minas Gerais,2024/31 ,"16976"
Rio De Janeiro,2024/31 ,"4233"
Sao Paulo,2024/31 ,"7209"
Parana,2024/31 ,"5446"
Rio Grande Do Sul,2024/31 ,"349"
Santa Catarina,2024/31 ,531
Distrito Federal,2024/32 ,"8236"
Goias,2024/32 ,"3525"
Mato Grosso,2024/32 ,"554"
Mato Grosso Do Sul,2024/32 ,"200"
Alagoas,2024/32 ,"65"
Bahia,2024/32 ,"657"
Ceara,2024/32 ,"66"
Maranhao,2024/32 ,"63"
Paraiba,2024/32 ,"54"
Pernambuco,2024/32 ,"78"
Piaui,2024/32 ,"88"
Rio Grande Do Norte,2024/32 ,"118"
Sergipe,2024/32 ,"19"
Acre,2024/32 ,"662"
Amapa,2024/32 ,"140"
Amazonas,2024/32 ,"510"
Para,2024/32 ,"187"
Rondonia,2024/32 ,"89"
Roraima,2024/32 ,"3"
Tocantins,2024/32 ,"33"
Espirito Santo,2024/32 ,"1146"
Minas Gerais,2024/32 ,"16976"
Rio De Janeiro,2024/32 ,"4233"
Sao Paulo,2024/32 ,"7209"
Parana,2024/32 ,"5446"
Rio Grande Do Sul,2024/32 ,"349"
Santa Catarina,2024/32 ,531
Distrito Federal,2024/33 ,"8236"
Goias,2024/33 ,"3525"
Mato Grosso,2024/33 ,"554"
Mato Grosso Do Sul,2024/33 ,"200"
Alagoas,2024/33 ,"65"
Bahia,2024/33 ,"657"
Ceara,2024/33 ,"66"
Maranhao,2024/33 ,"63"
Paraiba,2024/33 ,"54"
Pernambuco,2024/33 ,"78"
Piaui,2024/33 ,"88"
Rio Grande Do Norte,2024/33 ,"118"
Sergipe,2024/33 ,"19"
Acre,2024/33 ,"662"
Amapa,2024/33 ,"140"
Amazonas,2024/33 ,"510"
Para,2024/33 ,"187"
Rondonia,2024/33 ,"89"
Roraima,2024/33 ,"3"
Tocantins,2024/33 ,"33"
Espirito Santo,2024/33 ,"1146"
Minas Gerais,2024/33 ,"16976"
Rio De Janeiro,2024/33 ,"4233"
Sao Paulo,2024/33 ,"7209"
Parana,2024/33 ,"5446"
Rio Grande Do Sul,2024/33 ,"349"
Santa Catarina,2024/33 ,531
Distrito Federal,2024/34 ,"8236"
Goias,2024/34 ,"3525"
Mato Grosso,2024/34 ,"554"
Mato Grosso Do Sul,2024/34 ,"200"
Alagoas,2024/34 ,"65"
Bahia,2024/34 ,"657"
Ceara,2024/34 ,"66"
Maranhao,2024/34 ,"63"
Paraiba,2024/34 ,"54"
Pernambuco,2024/34 ,"78"
Piaui,2024/34 ,"88"
Rio Grande Do Norte,2024/34 ,"118"
Sergipe,2024/34 ,"19"
Acre,2024/34 ,"662"
Amapa,2024/34 ,"140"
Amazonas,2024/34 ,"510"
Para,2024/34 ,"187"
Rondonia,2024/34 ,"89"
Roraima,2024/34 ,"3"
Tocantins,2024/34 ,"33"
Espirito Santo,2024/34 ,"1146"
Minas Gerais,2024/34 ,"16976"
Rio De Janeiro,2024/34 ,"4233"
Sao Paulo,2024/34 ,"7209"
Parana,2024/34 ,"5446"
Rio Grande Do Sul,2024/34 ,"349"
Santa Catarina,2024/34 ,531
Distrito Federal,2024/35 ,"8236"
Goias,2024/35 ,"3525"
Mato Grosso,2024/35 ,"554"
Mato Grosso Do Sul,2024/35 ,"200"
Alagoas,2024/35 ,"65"
Bahia,2024/35 ,"657"
Ceara,2024/35 ,"66"
Maranhao,2024/35 ,"63"
Paraiba,2024/35 ,"54"
Pernambuco,2024/35 ,"78"
Piaui,2024/35 ,"88"
Rio Grande Do Norte,2024/35 ,"118"
Sergipe,2024/35 ,"19"
Acre,2024/35 ,"662"
Amapa,2024/35 ,"140"
Amazonas,2024/35 ,"510"
Para,2024/35 ,"187"
Rondonia,2024/35 ,"89"
Roraima,2024/35 ,"3"
Tocantins,2024/35 ,"33"
Espirito Santo,2024/35 ,"1146"
Minas Gerais,2024/35 ,"16976"
Rio De Janeiro,2024/35 ,"4233"
Sao Paulo,2024/35 ,"7209"
Parana,2024/35 ,"5446"
Rio Grande Do Sul,2024/35 ,"349"
Santa Catarina,2024/35 ,531
Distrito Federal,2024/36 ,"8236"
Goias,2024/36 ,"3525"
Mato Grosso,2024/36 ,"554"
Mato Grosso Do Sul,2024/36 ,"200"
Alagoas,2024/36 ,"65"
Bahia,2024/36 ,"657"
Ceara,2024/36 ,"66"
Maranhao,2024/36 ,"63"
Paraiba,2024/36 ,"54"
Pernambuco,2024/36 ,"78"
Piaui,2024/36 ,"88"
Rio Grande Do Norte,2024/36 ,"118"
Sergipe,2024/36 ,"19"
Acre,2024/36 ,"662"
Amapa,2024/36 ,"140"
Amazonas,2024/36 ,"510"
Para,2024/36 ,"187"
Rondonia,2024/36 ,"89"
Roraima,2024/36 ,"3"
Tocantins,2024/36 ,"33"
Espirito Santo,2024/36 ,"1146"
Minas Gerais,2024/36 ,"16976"
Rio De Janeiro,2024/36 ,"4233"
Sao Paulo,2024/36 ,"7209"
Parana,2024/36 ,"5446"
Rio Grande Do Sul,2024/36 ,"349"
Santa Catarina,2024/36 ,531
Distrito Federal,2024/37 ,"8236"
Goias,2024/37 ,"3525"
Mato Grosso,2024/37 ,"554"
Mato Grosso Do Sul,2024/37 ,"200"
Alagoas,2024/37 ,"65"
Bahia,2024/37 ,"657"
Ceara,2024/37 ,"66"
Maranhao,2024/37 ,"63"
Paraiba,2024/37 ,"54"
Pernambuco,2024/37 ,"78"
Piaui,2024/37 ,"88"
Rio Grande Do Norte,2024/37 ,"118"
Sergipe,2024/37 ,"19"
Acre,2024/37 ,"662"
Amapa,2024/37 ,"140"
Amazonas,2024/37 ,"510"
Para,2024/37 ,"187"
Rondonia,2024/37 ,"89"
Roraima,2024/37 ,"3"
Tocantins,2024/37 ,"33"
Espirito Santo,2024/37 ,"1146"
Minas Gerais,2024/37 ,"16976"
Rio De Janeiro,2024/37 ,"4233"
Sao Paulo,2024/37 ,"7209"
Parana,2024/37 ,"5446"
Rio Grande Do Sul,2024/37 ,"349"
Santa Catarina,2024/37 ,531
Distrito Federal,2024/38 ,"8236"
Goias,2024/38 ,"3525"
Mato Grosso,2024/38 ,"554"
Mato Grosso Do Sul,2024/38 ,"200"
Alagoas,2024/38 ,"65"
Bahia,2024/38 ,"657"
Ceara,2024/38 ,"66"
Maranhao,2024/38 ,"63"
Paraiba,2024/38 ,"54"
Pernambuco,2024/38 ,"78"
Piaui,2024/38 ,"88"
Rio Grande Do Norte,2024/38 ,"118"
Sergipe,2024/38 ,"19"
Acre,2024/38 ,"662"
Amapa,2024/38 ,"140"
Amazonas,2024/38 ,"510"
Para,2024/38 ,"187"
Rondonia,2024/38 ,"89"
Roraima,2024/38 ,"3"
Tocantins,2024/38 ,"33"
Espirito Santo,2024/38 ,"1146"
Minas Gerais,2024/38 ,"16976"
Rio De Janeiro,2024/38 ,"4233"
Sao Paulo,2024/38 ,"7209"
Parana,2024/38 ,"5446"
Rio Grande Do Sul,2024/38 ,"349"
Santa Catarina,2024/38 ,531
Distrito Federal,2024/39 ,"8236"
Goias,2024/39 ,"3525"
Mato Grosso,2024/39 ,"554"
Mato Grosso Do Sul,2024/39 ,"200"
Alagoas,2024/39 ,"65"
Bahia,2024/39 ,"657"
Ceara,2024/39 ,"66"
Maranhao,2024/39 ,"63"
Paraiba,2024/39 ,"54"
Pernambuco,2024/39 ,"78"
Piaui,2024/39 ,"88"
Rio Grande Do Norte,2024/39 ,"118"
Sergipe,2024/39 ,"19"
Acre,2024/39 ,"662"
Amapa,2024/39 ,"140"
Amazonas,2024/39 ,"510"
Para,2024/39 ,"187"
Rondonia,2024/39 ,"89"
Roraima,2024/39 ,"3"
Tocantins,2024/39 ,"33"
Espirito Santo,2024/39 ,"1146"
Minas Gerais,2024/39 ,"16976"
Rio De Janeiro,2024/39 ,"4233"
Sao Paulo,2024/39 ,"7209"
Parana,2024/39 ,"5446"
Rio Grande Do Sul,2024/39 ,"349"
Santa Catarina,2024/39 ,531
Distrito Federal,2024/40 ,"8236"
Goias,2024/40 ,"3525"
Mato Grosso,2024/40 ,"554"
Mato Grosso Do Sul,2024/40 ,"200"
Alagoas,2024/40 ,"65"
Bahia,2024/40 ,"657"
Ceara,2024/40 ,"66"
Maranhao,2024/40 ,"63"
Paraiba,2024/40 ,"54"
Pernambuco,2024/40 ,"78"
Piaui,2024/40 ,"88"
Rio Grande Do Norte,2024/40 ,"118"
Sergipe,2024/40 ,"19"
Acre,2024/40 ,"662"
Amapa,2024/40 ,"140"
Amazonas,2024/40 ,"510"
Para,2024/40 ,"187"
Rondonia,2024/40 ,"89"
Roraima,2024/40 ,"3"
Tocantins,2024/40 ,"33"
Espirito Santo,2024/40 ,"1146"
Minas Gerais,2024/40 ,"16976"
Rio De Janeiro,2024/40 ,"4233"
Sao Paulo,2024/40 ,"7209"
Parana,2024/40 ,"5446"
Rio Grande Do Sul,2024/40 ,"349"
Santa Catarina,2024/40 ,531
Distrito Federal,2024/41 ,"8236"
Goias,2024/41 ,"3525"
Mato Grosso,2024/41 ,"554"
Mato Grosso Do Sul,2024/41 ,"200"
Alagoas,2024/41 ,"65"
Bahia,2024/41 ,"657"
Ceara,2024/41 ,"66"
Maranhao,2024/41 ,"63"
Paraiba,2024/41 ,"54"
Pernambuco,2024/41 ,"78"
Piaui,2024/41 ,"88"
Rio Grande Do Norte,2024/41 ,"118"
Sergipe,2024/41 ,"19"
Acre,2024/41 ,"662"
Amapa,2024/41 ,"140"
Amazonas,2024/41 ,"510"
Para,2024/41 ,"187"
Rondonia,2024/41 ,"89"
Roraima,2024/41 ,"3"
Tocantins,2024/41 ,"33"
Espirito Santo,2024/41 ,"1146"
Minas Gerais,2024/41 ,"16976"
Rio De Janeiro,2024/41 ,"4233"
Sao Paulo,2024/41 ,"7209"
Parana,2024/41 ,"5446"
Rio Grande Do Sul,2024/41 ,"349"
Santa Catarina,2024/41 ,531
Distrito Federal,2024/42 ,"8236"
Goias,2024/42 ,"3525"
Mato Grosso,2024/42 ,"554"
Mato Grosso Do Sul,2024/42 ,"200"
Alagoas,2024/42 ,"65"
Bahia,2024/42 ,"657"
Ceara,2024/42 ,"66"
Maranhao,2024/42 ,"63"
Paraiba,2024/42 ,"54"
Pernambuco,2024/42 ,"78"
Piaui,2024/42 ,"88"
Rio Grande Do Norte,2024/42 ,"118"
Sergipe,2024/42 ,"19"
Acre,2024/42 ,"662"
Amapa,2024/42 ,"140"
Amazonas,2024/42 ,"510"
Para,2024/42 ,"187"
Rondonia,2024/42 ,"89"
Roraima,2024/42 ,"3"
Tocantins,2024/42 ,"33"
Espirito Santo,2024/42 ,"1146"
Minas Gerais,2024/42 ,"16976"
Rio De Janeiro,2024/42 ,"4233"
Sao Paulo,2024/42 ,"7209"
Parana,2024/42 ,"5446"
Rio Grande Do Sul,2024/42 ,"349"
Santa Catarina,2024/42 ,531
Distrito Federal,2024/43 ,"8236"
Goias,2024/43 ,"3525"
Mato Grosso,2024/43 ,"554"
Mato Grosso Do Sul,2024/43 ,"200"
Alagoas,2024/43 ,"65"
Bahia,2024/43 ,"657"
Ceara,2024/43 ,"66"
Maranhao,2024/43 ,"63"
Paraiba,2024/43 ,"54"
Pernambuco,2024/43 ,"78"
Piaui,2024/43 ,"88"
Rio Grande Do Norte,2024/43 ,"118"
Sergipe,2024/43 ,"19"
Acre,2024/43 ,"662"
Amapa,2024/43 ,"140"
Amazonas,2024/43 ,"510"
Para,2024/43 ,"187"
Rondonia,2024/43 ,"89"
Roraima,2024/43 ,"3"
Tocantins,2024/43 ,"33"
Espirito Santo,2024/43 ,"1146"
Minas Gerais,2024/43 ,"16976"
Rio De Janeiro,2024/43 ,"4233"
Sao Paulo,2024/43 ,"7209"
Parana,2024/43 ,"5446"
Rio Grande Do Sul,2024/43 ,"349"
Santa Catarina,2024/43 ,531
Distrito Federal,2024/44 ,"8236"
Goias,2024/44 ,"3525"
Mato Grosso,2024/44 ,"554"
Mato Grosso Do Sul,2024/44 ,"200"
Alagoas,2024/44 ,"65"
Bahia,2024/44 ,"657"
Ceara,2024/44 ,"66"
Maranhao,2024/44 ,"63"
Paraiba,2024/44 ,"54"
Pernambuco,2024/44 ,"78"
Piaui,2024/44 ,"88"
Rio Grande Do Norte,2024/44 ,"118"
Sergipe,2024/44 ,"19"
Acre,2024/44 ,"662"
Amapa,2024/44 ,"140"
Amazonas,2024/44 ,"510"
Para,2024/44 ,"187"
Rondonia,2024/44 ,"89"
Roraima,2024/44 ,"3"
Tocantins,2024/44 ,"33"
Espirito Santo,2024/44 ,"1146"
Minas Gerais,2024/44 ,"16976"
Rio De Janeiro,2024/44 ,"4233"
Sao Paulo,2024/44 ,"7209"
Parana,2024/44 ,"5446"
Rio Grande Do Sul,2024/44 ,"349"
Santa Catarina,2024/44 ,531
Distrito Federal,2024/45 ,"8236"
Goias,2024/45 ,"3525"
Mato Grosso,2024/45 ,"554"
Mato Grosso Do Sul,2024/45 ,"200"
Alagoas,2024/45 ,"65"
Bahia,2024/45 ,"657"
Ceara,2024/45 ,"66"
Maranhao,2024/45 ,"63"
Paraiba,2024/45 ,"54"
Pernambuco,2024/45 ,"78"
Piaui,2024/45 ,"88"
Rio Grande Do Norte,2024/45 ,"118"
Sergipe,2024/45 ,"19"
Acre,2024/45 ,"662"
Amapa,2024/45 ,"140"
Amazonas,2024/45 ,"510"
Para,2024/45 ,"187"
Rondonia,2024/45 ,"89"
Roraima,2024/45 ,"3"
Tocantins,2024/45 ,"33"
Espirito Santo,2024/45 ,"1146"
Minas Gerais,2024/45 ,"16976"
Rio De Janeiro,2024/45 ,"4233"
Sao Paulo,2024/45 ,"7209"
Parana,2024/45 ,"5446"
Rio Grande Do Sul,2024/45 ,"349"
Santa Catarina,2024/45 ,531
Distrito Federal,2024/46 ,"8236"
Goias,2024/46 ,"3525"
Mato Grosso,2024/46 ,"554"
Mato Grosso Do Sul,2024/46 ,"200"
Alagoas,2024/46 ,"65"
Bahia,2024/46 ,"657"
Ceara,2024/46 ,"66"
Maranhao,2024/46 ,"63"
Paraiba,2024/46 ,"54"
Pernambuco,2024/46 ,"78"
Piaui,2024/46 ,"88"
Rio Grande Do Norte,2024/46 ,"118"
Sergipe,2024/46 ,"19"
Acre,2024/46 ,"662"
Amapa,2024/46 ,"140"
Amazonas,2024/46 ,"510"
Para,2024/46 ,"187"
Rondonia,2024/46 ,"89"
Roraima,2024/46 ,"3"
Tocantins,2024/46 ,"33"
Espirito Santo,2024/46 ,"1146"
Minas Gerais,2024/46 ,"16976"
Rio De Janeiro,2024/46 ,"4233"
Sao Paulo,2024/46 ,"7209"
Parana,2024/46 ,"5446"
Rio Grande Do Sul,2024/46 ,"349"
Santa Catarina,2024/46 ,531
Distrito Federal,2024/47 ,"8236"
Goias,2024/47 ,"3525"
Mato Grosso,2024/47 ,"554"
Mato Grosso Do Sul,2024/47 ,"200"
Alagoas,2024/47 ,"65"
Bahia,2024/47 ,"657"
Ceara,2024/47 ,"66"
Maranhao,2024/47 ,"63"
Paraiba,2024/47 ,"54"
Pernambuco,2024/47 ,"78"
Piaui,2024/47 ,"88"
Rio Grande Do Norte,2024/47 ,"118"
Sergipe,2024/47 ,"19"
Acre,2024/47 ,"662"
Amapa,2024/47 ,"140"
Amazonas,2024/47 ,"510"
Para,2024/47 ,"187"
Rondonia,2024/47 ,"89"
Roraima,2024/47 ,"3"
Tocantins,2024/47 ,"33"
Espirito Santo,2024/47 ,"1146"
Minas Gerais,2024/47 ,"16976"
Rio De Janeiro,2024/47 ,"4233"
Sao Paulo,2024/47 ,"7209"
Parana,2024/47 ,"5446"
Rio Grande Do Sul,2024/47 ,"349"
Santa Catarina,2024/47 ,531
Distrito Federal,2024/48 ,"8236"
Goias,2024/48 ,"3525"
Mato Grosso,2024/48 ,"554"
Mato Grosso Do Sul,2024/48 ,"200"
Alagoas,2024/48 ,"65"
Bahia,2024/48 ,"657"
Ceara,2024/48 ,"66"
Maranhao,2024/48 ,"63"
Paraiba,2024/48 ,"54"
Pernambuco,2024/48 ,"78"
Piaui,2024/48 ,"88"
Rio Grande Do Norte,2024/48 ,"118"
Sergipe,2024/48 ,"19"
Acre,2024/48 ,"662"
Amapa,2024/48 ,"140"
Amazonas,2024/48 ,"510"
Para,2024/48 ,"187"
Rondonia,2024/48 ,"89"
Roraima,2024/48 ,"3"
Tocantins,2024/48 ,"33"
Espirito Santo,2024/48 ,"1146"
Minas Gerais,2024/48 ,"16976"
Rio De Janeiro,2024/48 ,"4233"
Sao Paulo,2024/48 ,"7209"
Parana,2024/48 ,"5446"
Rio Grande Do Sul,2024/48 ,"349"
Santa Catarina,2024/48 ,531
Distrito Federal,2024/49 ,"8236"
Goias,2024/49 ,"3525"
Mato Grosso,2024/49 ,"554"
Mato Grosso Do Sul,2024/49 ,"200"
Alagoas,2024/49 ,"65"
Bahia,2024/49 ,"657"
Ceara,2024/49 ,"66"
Maranhao,2024/49 ,"63"
Paraiba,2024/49 ,"54"
Pernambuco,2024/49 ,"78"
Piaui,2024/49 ,"88"
Rio Grande Do Norte,2024/49 ,"118"
Sergipe,2024/49 ,"19"
Acre,2024/49 ,"662"
Amapa,2024/49 ,"140"
Amazonas,2024/49 ,"510"
Para,2024/49 ,"187"
Rondonia,2024/49 ,"89"
Roraima,2024/49 ,"3"
Tocantins,2024/49 ,"33"
Espirito Santo,2024/49 ,"1146"
Minas Gerais,2024/49 ,"16976"
Rio De Janeiro,2024/49 ,"4233"
Sao Paulo,2024/49 ,"7209"
Parana,2024/49 ,"5446"
Rio Grande Do Sul,2024/49 ,"349"
Santa Catarina,2024/49 ,531
Distrito Federal,2024/50 ,"8236"
Goias,2024/50 ,"3525"
Mato Grosso,2024/50 ,"554"
Mato Grosso Do Sul,2024/50 ,"200"
Alagoas,2024/50 ,"65"
Bahia,2024/50 ,"657"
Ceara,2024/50 ,"66"
Maranhao,2024/50 ,"63"
Paraiba,2024/50 ,"54"
Pernambuco,2024/50 ,"78"
Piaui,2024/50 ,"88"
Rio Grande Do Norte,2024/50 ,"118"
Sergipe,2024/50 ,"19"
Acre,2024/50 ,"662"
Amapa,2024/50 ,"140"
Amazonas,2024/50 ,"510"
Para,2024/50 ,"187"
Rondonia,2024/50 ,"89"
Roraima,2024/50 ,"3"
Tocantins,2024/50 ,"33"
Espirito Santo,2024/50 ,"1146"
Minas Gerais,2024/50 ,"16976"
Rio De Janeiro,2024/50 ,"4233"
Sao Paulo,2024/50 ,"7209"
Parana,2024/50 ,"5446"
Rio Grande Do Sul,2024/50 ,"349"
Santa Catarina,2024/50 ,531
Distrito Federal,2024/51 ,"8236"
Goias,2024/51 ,"3525"
Mato Grosso,2024/51 ,"554"
Mato Grosso Do Sul,2024/51 ,"200"
Alagoas,2024/51 ,"65"
Bahia,2024/51 ,"657"
Ceara,2024/51 ,"66"
Maranhao,2024/51 ,"63"
Paraiba,2024/51 ,"54"
Pernambuco,2024/51 ,"78"
Piaui,2024/51 ,"88"
Rio Grande Do Norte,2024/51 ,"118"
Sergipe,2024/51 ,"19"
Acre,2024/51 ,"662"
Amapa,2024/51 ,"140"
Amazonas,2024/51 ,"510"
Para,2024/51 ,"187"
Rondonia,2024/51 ,"89"
Roraima,2024/51 ,"3"
Tocantins,2024/51 ,"33"
Espirito Santo,2024/51 ,"1146"
Minas Gerais,2024/51 ,"16976"
Rio De Janeiro,2024/51 ,"4233"
Sao Paulo,2024/51 ,"7209"
Parana,2024/51 ,"5446"
Rio Grande Do Sul,2024/51 ,"349"
Santa Catarina,2024/51 ,531
Distrito Federal,2024/52 ,"8236"
Goias,2024/52 ,"3525"
Mato Grosso,2024/52 ,"554"
Mato Grosso Do Sul,2024/52 ,"200"
Alagoas,2024/52 ,"65"
Bahia,2024/52 ,"657"
Ceara,2024/52 ,"66"
Maranhao,2024/52 ,"63"
Paraiba,2024/52 ,"54"
Pernambuco,2024/52 ,"78"
Piaui,2024/52 ,"88"
Rio Grande Do Norte,2024/52 ,"118"
Sergipe,2024/52 ,"19"
Acre,2024/52 ,"662"
Amapa,2024/52 ,"140"
Amazonas,2024/52 ,"510"
Para,2024/52 ,"187"
Rondonia,2024/52 ,"89"
Roraima,2024/52 ,"3"
Tocantins,2024/52 ,"33"
Espirito Santo,2024/52 ,"1146"
Minas Gerais,2024/52 ,"16976"
Rio De Janeiro,2024/52 ,"4233"
Sao Paulo,2024/52 ,"7209"
Parana,2024/52 ,"5446"
Rio Grande Do Sul,2024/52 ,"349"
Santa Catarina,2024/52 ,531
Distrito Federal,2025/01 ,"8236"
Goias,2025/01 ,"3525"
Mato Grosso,2025/01 ,"554"
Mato Grosso Do Sul,2025/01 ,"200"
Alagoas,2025/01 ,"65"
Bahia,2025/01 ,"657"
Ceara,2025/01 ,"66"
Maranhao,2025/01 ,"63"
Paraiba,2025/01 ,"54"
Pernambuco,2025/01 ,"78"
Piaui,2025/01 ,"88"
Rio Grande Do Norte,2025/01 ,"118"
Sergipe,2025/01 ,"19"
Acre,2025/01 ,"662"
Amapa,2025/01 ,"140"
Amazonas,2025/01 ,"510"
Para,2025/01 ,"187"
Rondonia,2025/01 ,"89"
Roraima,2025/01 ,"3"
Tocantins,2025/01 ,"33"
Espirito Santo,2025/01 ,"1146"
Minas Gerais,2025/01 ,"16976"
Rio De Janeiro,2025/01 ,"4233"
Sao Paulo,2025/01 ,"7209"
Parana,2025/01 ,"5446"
Rio Grande Do Sul,2025/01 ,"349"
Santa Catarina,2025/01 ,531
Distrito Federal,2025/02 ,"8236"
Goias,2025/02 ,"3525"
Mato Grosso,2025/02 ,"554"
Mato Grosso Do Sul,2025/02 ,"200"
Alagoas,2025/02 ,"65"
Bahia,2025/02 ,"657"
Ceara,2025/02 ,"66"
Maranhao,2025/02 ,"63"
Paraiba,2025/02 ,"54"
Pernambuco,2025/02 ,"78"
Piaui,2025/02 ,"88"
Rio Grande Do Norte,2025/02 ,"118"
Sergipe,2025/02 ,"19"
Acre,2025/02 ,"662"
Amapa,2025/02 ,"140"
Amazonas,2025/02 ,"510"
Para,2025/02 ,"187"
Rondonia,2025/02 ,"89"
Roraima,2025/02 ,"3"
Tocantins,2025/02 ,"33"
Espirito Santo,2025/02 ,"1146"
Minas Gerais,2025/02 ,"16976"
Rio De Janeiro,2025/02 ,"4233"
Sao Paulo,2025/02 ,"7209"
Parana,2025/02 ,"5446"
Rio Grande Do Sul,2025/02 ,"349"
Santa Catarina,2025/02 ,531
Distrito Federal,2025/03 ,"8236"
Goias,2025/03 ,"3525"
Mato Grosso,2025/03 ,"554"
Mato Grosso Do Sul,2025/03 ,"200"
Alagoas,2025/03 ,"65"
Bahia,2025/03 ,"657"
Ceara,2025/03 ,"66"
Maranhao,2025/03 ,"63"
Paraiba,2025/03 ,"54"
Pernambuco,2025/03 ,"78"
Piaui,2025/03 ,"88"
Rio Grande Do Norte,2025/03 ,"118"
Sergipe,2025/03 ,"19"
Acre,2025/03 ,"662"
Amapa,2025/03 ,"140"
Amazonas,2025/03 ,"510"
Para,2025/03 ,"187"
Rondonia,2025/03 ,"89"
Roraima,2025/03 ,"3"
Tocantins,2025/03 ,"33"
Espirito Santo,2025/03 ,"1146"
Minas Gerais,2025/03 ,"16976"
Rio De Janeiro,2025/03 ,"4233"
Sao Paulo,2025/03 ,"7209"
Parana,2025/03 ,"5446"
Rio Grande Do Sul,2025/03 ,"349"
Santa Catarina,2025/03 ,531
Distrito Federal,2025/04 ,"8236"
Goias,2025/04 ,"3525"
Mato Grosso,2025/04 ,"554"
Mato Grosso Do Sul,2025/04 ,"200"
Alagoas,2025/04 ,"65"
Bahia,2025/04 ,"657"
Ceara,2025/04 ,"66"
Maranhao,2025/04 ,"63"
Paraiba,2025/04 ,"54"
Pernambuco,2025/04 ,"78"
Piaui,2025/04 ,"88"
Rio Grande Do Norte,2025/04 ,"118"
Sergipe,2025/04 ,"19"
Acre,2025/04 ,"662"
Amapa,2025/04 ,"140"
Amazonas,2025/04 ,"510"
Para,2025/04 ,"187"
Rondonia,2025/04 ,"89"
Roraima,2025/04 ,"3"
Tocantins,2025/04 ,"33"
Espirito Santo,2025/04 ,"1146"
Minas Gerais,2025/04 ,"16976"
Rio De Janeiro,2025/04 ,"4233"
Sao Paulo,2025/04 ,"7209"
Parana,2025/04 ,"5446"
Rio Grande Do Sul,2025/04 ,"349"
Santa Catarina,2025/04 ,531
Distrito Federal,2025/05 ,"8236"
Goias,2025/05 ,"3525"
Mato Grosso,2025/05 ,"554"
Mato Grosso Do Sul,2025/05 ,"200"
Alagoas,2025/05 ,"65"
Bahia,2025/05 ,"657"
Ceara,2025/05 ,"66"
Maranhao,2025/05 ,"63"
Paraiba,2025/05 ,"54"
Pernambuco,2025/05 ,"78"
Piaui,2025/05 ,"88"
Rio Grande Do Norte,2025/05 ,"118"
Sergipe,2025/05 ,"19"
Acre,2025/05 ,"662"
Amapa,2025/05 ,"140"
Amazonas,2025/05 ,"510"
Para,2025/05 ,"187"
Rondonia,2025/05 ,"89"
Roraima,2025/05 ,"3"
Tocantins,2025/05 ,"33"
Espirito Santo,2025/05 ,"1146"
Minas Gerais,2025/05 ,"16976"
Rio De Janeiro,2025/05 ,"4233"
Sao Paulo,2025/05 ,"7209"
Parana,2025/05 ,"5446"
Rio Grande Do Sul,2025/05 ,"349"
Santa Catarina,2025/05 ,531
Distrito Federal,2025/06 ,"8236"
Goias,2025/06 ,"3525"
Mato Grosso,2025/06 ,"554"
Mato Grosso Do Sul,2025/06 ,"200"
Alagoas,2025/06 ,"65"
Bahia,2025/06 ,"657"
Ceara,2025/06 ,"66"
Maranhao,2025/06 ,"63"
Paraiba,2025/06 ,"54"
Pernambuco,2025/06 ,"78"
Piaui,2025/06 ,"88"
Rio Grande Do Norte,2025/06 ,"118"
Sergipe,2025/06 ,"19"
Acre,2025/06 ,"662"
Amapa,2025/06 ,"140"
Amazonas,2025/06 ,"510"
Para,2025/06 ,"187"
Rondonia,2025/06 ,"89"
Roraima,2025/06 ,"3"
Tocantins,2025/06 ,"33"
Espirito Santo,2025/06 ,"1146"
Minas Gerais,2025/06 ,"16976"
Rio De Janeiro,2025/06 ,"4233"
Sao Paulo,2025/06 ,"7209"
Parana,2025/06 ,"5446"
Rio Grande Do Sul,2025/06 ,"349"
Santa Catarina,2025/06 ,531
Distrito Federal,2025/07 ,"8236"
Goias,2025/07 ,"3525"
Mato Grosso,2025/07 ,"554"
Mato Grosso Do Sul,2025/07 ,"200"
Alagoas,2025/07 ,"65"
Bahia,2025/07 ,"657"
Ceara,2025/07 ,"66"
Maranhao,2025/07 ,"63"
Paraiba,2025/07 ,"54"
Pernambuco,2025/07 ,"78"
Piaui,2025/07 ,"88"
Rio Grande Do Norte,2025/07 ,"118"
Sergipe,2025/07 ,"19"
Acre,2025/07 ,"662"
Amapa,2025/07 ,"140"
Amazonas,2025/07 ,"510"
Para,2025/07 ,"187"
Rondonia,2025/07 ,"89"
Roraima,2025/07 ,"3"
Tocantins,2025/07 ,"33"
Espirito Santo,2025/07 ,"1146"
Minas Gerais,2025/07 ,"16976"
Rio De Janeiro,2025/07 ,"4233"
Sao Paulo,2025/07 ,"7209"
Parana,2025/07 ,"5446"
Rio Grande Do Sul,2025/07 ,"349"
Santa Catarina,2025/07 ,531
Distrito Federal,2025/08 ,"8236"
Goias,2025/08 ,"3525"
Mato Grosso,2025/08 ,"554"
Mato Grosso Do Sul,2025/08 ,"200"
Alagoas,2025/08 ,"65"
Bahia,2025/08 ,"657"
Ceara,2025/08 ,"66"
Maranhao,2025/08 ,"63"
Paraiba,2025/08 ,"54"
Pernambuco,2025/08 ,"78"
Piaui,2025/08 ,"88"
Rio Grande Do Norte,2025/08 ,"118"
Sergipe,2025/08 ,"19"
Acre,2025/08 ,"662"
Amapa,2025/08 ,"140"
Amazonas,2025/08 ,"510"
Para,2025/08 ,"187"
Rondonia,2025/08 ,"89"
Roraima,2025/08 ,"3"
Tocantins,2025/08 ,"33"
Espirito Santo,2025/08 ,"1146"
Minas Gerais,2025/08 ,"16976"
Rio De Janeiro,2025/08 ,"4233"
Sao Paulo,2025/08 ,"7209"
Parana,2025/08 ,"5446"
Rio Grande Do Sul,2025/08 ,"349"
Santa Catarina,2025/08 ,531
Distrito Federal,2025/09 ,"8236"
Goias,2025/09 ,"3525"
Mato Grosso,2025/09 ,"554"
Mato Grosso Do Sul,2025/09 ,"200"
Alagoas,2025/09 ,"65"
Bahia,2025/09 ,"657"
Ceara,2025/09 ,"66"
Maranhao,2025/09 ,"63"
Paraiba,2025/09 ,"54"
Pernambuco,2025/09 ,"78"
Piaui,2025/09 ,"88"
Rio Grande Do Norte,2025/09 ,"118"
Sergipe,2025/09 ,"19"
Acre,2025/09 ,"662"
Amapa,2025/09 ,"140"
Amazonas,2025/09 ,"510"
Para,2025/09 ,"187"
Rondonia,2025/09 ,"89"
Roraima,2025/09 ,"3"
Tocantins,2025/09 ,"33"
Espirito Santo,2025/09 ,"1146"
Minas Gerais,2025/09 ,"16976"
Rio De Janeiro,2025/09 ,"4233"
Sao Paulo,2025/09 ,"7209"
Parana,2025/09 ,"5446"
Rio Grande Do Sul,2025/09 ,"349"
Santa Catarina,2025/09 ,531
Distrito Federal,2025/10 ,"8236"
Goias,2025/10 ,"3525"
Mato Grosso,2025/10 ,"554"
Mato Grosso Do Sul,2025/10 ,"200"
Alagoas,2025/10 ,"65"
Bahia,2025/10 ,"657"
Ceara,2025/10 ,"66"
Maranhao,2025/10 ,"63"
Paraiba,2025/10 ,"54"
Pernambuco,2025/10 ,"78"
Piaui,2025/10 ,"88"
Rio Grande Do Norte,2025/10 ,"118"
Sergipe,2025/10 ,"19"
Acre,2025/10 ,"662"
Amapa,2025/10 ,"140"
Amazonas,2025/10 ,"510"
Para,2025/10 ,"187"
Rondonia,2025/10 ,"89"
Roraima,2025/10 ,"3"
Tocantins,2025/10 ,"33"
Espirito Santo,2025/10 ,"1146"
Minas Gerais,2025/10 ,"16976"
Rio De Janeiro,2025/10 ,"4233"
Sao Paulo,2025/10 ,"7209"
Parana,2025/10 ,"5446"
Rio Grande Do Sul,2025/10 ,"349"
Santa Catarina,2025/10 ,531
Distrito Federal,2025/11 ,"8236"
Goias,2025/11 ,"3525"
Mato Grosso,2025/11 ,"554"
Mato Grosso Do Sul,2025/11 ,"200"
Alagoas,2025/11 ,"65"
Bahia,2025/11 ,"657"
Ceara,2025/11 ,"66"
Maranhao,2025/11 ,"63"
Paraiba,2025/11 ,"54"
Pernambuco,2025/11 ,"78"
Piaui,2025/11 ,"88"
Rio Grande Do Norte,2025/11 ,"118"
Sergipe,2025/11 ,"19"
Acre,2025/11 ,"662"
Amapa,2025/11 ,"140"
Amazonas,2025/11 ,"510"
Para,2025/11 ,"187"
Rondonia,2025/11 ,"89"
Roraima,2025/11 ,"3"
Tocantins,2025/11 ,"33"
Espirito Santo,2025/11 ,"1146"
Minas Gerais,2025/11 ,"16976"
Rio De Janeiro,2025/11 ,"4233"
Sao Paulo,2025/11 ,"7209"
Parana,2025/11 ,"5446"
Rio Grande Do Sul,2025/11 ,"349"
Santa Catarina,2025/11 ,531
